"","statistic","means","z","pval","method"
"1",13.0200947045942,63.0549586800152,-9.53545178569444,0.000999000999000999,r00
"2",13.0376953951266,50.4964736156451,-10.5015563384801,0.000999000999000999,r0
"3",13.0200947045942,29.1706313073992,-4.91321516035676,0.000999000999000999,c0
"4",13.1239655409462,20.2714548846058,-2.61058114641774,0.002997002997003,r1
