"","statistic","means","z","pval","method"
"1",23.5667926015672,65.5527966424859,-9.59936027449243,0.000999000999000999,r00
"2",23.3313970745681,67.1987258167071,-13.0750939436005,0.000999000999000999,r0
"3",23.362204935092,27.3554415966007,-1.61143221453071,0.130869130869131,c0
"4",23.3313970745681,34.4849732878168,-4.7581254813513,0.000999000999000999,r1
