"","tree","geno","year","c.obs","ses","pval.l","pval.u"
"1","N1.11","T6",2010,1.95238095238095,-4.98107563736539,0,1
"2","N1.40","RL6",2010,0,-4.98107563736539,0,1
